{"cameraMode":{"drawMode":0,"name":"Shaded","section":"Shading Mode"},"sceneLighting":false,"audioPlay":false,"sceneViewState":{"showFog":true,"showMaterialUpdate":false,"showSkybox":false,"showFlares":true,"showImageEffects":true,"showParticleSystems":true},"in2DMode":false,"pivot":{"x":3.6599998474121095,"y":-2.1999998092651369,"z":19.830001831054689},"rotation":{"x":-0.10660777240991593,"y":-0.0053735957480967049,"z":0.0005733995931223035,"w":-0.9943097233772278},"size":7.115928649902344,"orthographic":false}