{"cameraMode":{"drawMode":0,"name":"Shaded","section":"Shading Mode"},"sceneLighting":true,"audioPlay":false,"sceneViewState":{"showFog":true,"showMaterialUpdate":false,"showSkybox":false,"showFlares":true,"showImageEffects":true,"showParticleSystems":true},"in2DMode":false,"pivot":{"x":-1.5515518188476563,"y":-7.480694770812988,"z":-0.7631359100341797},"rotation":{"x":-0.03297126293182373,"y":0.14104866981506349,"z":-0.004699265584349632,"w":-0.9894683957099915},"size":32.61320495605469,"orthographic":false}