{"cameraMode":{"drawMode":0,"name":"Shaded","section":"Shading Mode"},"sceneLighting":true,"audioPlay":false,"sceneViewState":{"showFog":true,"showMaterialUpdate":false,"showSkybox":true,"showFlares":true,"showImageEffects":true,"showParticleSystems":true},"in2DMode":false,"pivot":{"x":-7.476150035858154,"y":71.1143569946289,"z":351.0613708496094},"rotation":{"x":-0.015256949700415135,"y":0.07850737869739533,"z":-0.0012754128547385336,"w":-0.9968392848968506},"size":50.31203842163086,"orthographic":false}