{"cameraMode":{"drawMode":0,"name":"Shaded","section":"Shading Mode"},"sceneLighting":false,"audioPlay":false,"sceneViewState":{"showFog":true,"showMaterialUpdate":false,"showSkybox":false,"showFlares":true,"showImageEffects":true,"showParticleSystems":true},"in2DMode":false,"pivot":{"x":-451.70001220703127,"y":30.0069580078125,"z":813.383056640625},"rotation":{"x":0.20727744698524476,"y":-0.22227679193019868,"z":0.04842605069279671,"w":0.9514641761779785},"size":2573.0068359375,"orthographic":false}