{"cameraMode":{"drawMode":0,"name":"Shaded","section":"Shading Mode"},"sceneLighting":false,"audioPlay":false,"sceneViewState":{"showFog":true,"showMaterialUpdate":true,"showSkybox":false,"showFlares":true,"showImageEffects":true,"showParticleSystems":true},"in2DMode":false,"pivot":{"x":-382.8648376464844,"y":151.6102294921875,"z":747.0718994140625},"rotation":{"x":-0.17737151682376862,"y":0.21906737983226777,"z":-0.04078825190663338,"w":-0.9587047100067139},"size":794.8519287109375,"orthographic":true}