{"cameraMode":{"drawMode":0,"name":"Shaded","section":"Shading Mode"},"sceneLighting":false,"audioPlay":false,"sceneViewState":{"showFog":true,"showMaterialUpdate":true,"showSkybox":false,"showFlares":true,"showImageEffects":true,"showParticleSystems":true},"in2DMode":false,"pivot":{"x":-451.70001220703127,"y":109.2727279663086,"z":813.383056640625},"rotation":{"x":-0.14938513934612275,"y":0.2703218460083008,"z":-0.04275965318083763,"w":-0.9502593278884888},"size":701.0023803710938,"orthographic":true}