{"cameraMode":{"drawMode":0,"name":"Shaded","section":"Shading Mode"},"sceneLighting":false,"audioPlay":false,"sceneViewState":{"showFog":true,"showMaterialUpdate":true,"showSkybox":true,"showFlares":true,"showImageEffects":true,"showParticleSystems":true},"in2DMode":false,"pivot":{"x":3.6599998474121095,"y":-2.1999998092651369,"z":19.830001831054689},"rotation":{"x":0.1560066044330597,"y":-0.16860835254192353,"z":0.027036400511860849,"w":0.9728910326957703},"size":5.967742919921875,"orthographic":true}