{"cameraMode":{"drawMode":0,"name":"Shaded","section":"Shading Mode"},"sceneLighting":false,"audioPlay":false,"sceneViewState":{"showFog":true,"showMaterialUpdate":true,"showSkybox":true,"showFlares":true,"showImageEffects":true,"showParticleSystems":true},"in2DMode":false,"pivot":{"x":5.002398490905762,"y":-0.6578723192214966,"z":17.8352108001709},"rotation":{"x":0.1560066044330597,"y":-0.16860835254192353,"z":0.027036400511860849,"w":0.9728910326957703},"size":3.7758421897888185,"orthographic":true}