{"cameraMode":{"drawMode":0,"name":"Shaded","section":"Shading Mode"},"sceneLighting":true,"audioPlay":false,"sceneViewState":{"showFog":true,"showMaterialUpdate":true,"showSkybox":true,"showFlares":true,"showImageEffects":true,"showParticleSystems":true},"in2DMode":false,"pivot":{"x":8.1240234375,"y":3.5799560546875,"z":3.4443359375},"rotation":{"x":-0.08503962308168411,"y":0.4314151108264923,"z":-0.04089345037937164,"w":-0.8972253799438477},"size":2.54514741897583,"orthographic":true}