{"cameraMode":{"drawMode":0,"name":"Shaded","section":"Shading Mode"},"sceneLighting":true,"audioPlay":false,"sceneViewState":{"showFog":true,"showMaterialUpdate":true,"showSkybox":true,"showFlares":true,"showImageEffects":true,"showParticleSystems":true},"in2DMode":false,"pivot":{"x":7.90625,"y":5.92236328125,"z":4.337982177734375},"rotation":{"x":-0.15208320319652558,"y":-0.35203099250793459,"z":0.05803338810801506,"w":-0.9217752814292908},"size":4.532386302947998,"orthographic":true}