{"cameraMode":{"drawMode":0,"name":"Shaded","section":"Shading Mode"},"sceneLighting":false,"audioPlay":false,"sceneViewState":{"showFog":true,"showMaterialUpdate":true,"showSkybox":true,"showFlares":true,"showImageEffects":true,"showParticleSystems":true},"in2DMode":false,"pivot":{"x":2.982607841491699,"y":7.598469257354736,"z":-1.9927875995635987},"rotation":{"x":0.1953987330198288,"y":0.37300363183021548,"z":-0.08067546784877777,"w":0.903450071811676},"size":16.245203018188478,"orthographic":false}