{"cameraMode":{"drawMode":0,"name":"Shaded","section":"Shading Mode"},"sceneLighting":false,"audioPlay":false,"sceneViewState":{"showFog":true,"showMaterialUpdate":false,"showSkybox":false,"showFlares":true,"showImageEffects":true,"showParticleSystems":true},"in2DMode":false,"pivot":{"x":-0.07654030621051789,"y":0.011211086064577103,"z":1.5570591688156129},"rotation":{"x":-0.11515908688306809,"y":0.23515699803829194,"z":-0.028070103377103807,"w":-0.9647062420845032},"size":0.20859581232070924,"orthographic":false}