{"cameraMode":{"drawMode":0,"name":"Shaded","section":"Shading Mode"},"sceneLighting":false,"audioPlay":false,"sceneViewState":{"showFog":true,"showMaterialUpdate":false,"showSkybox":false,"showFlares":true,"showImageEffects":true,"showParticleSystems":true},"in2DMode":false,"pivot":{"x":0.9116322994232178,"y":1.6203174591064454,"z":4.804755687713623},"rotation":{"x":0.06992984563112259,"y":-0.7211686372756958,"z":-0.07358834892511368,"w":-0.685289740562439},"size":3.9240496158599855,"orthographic":false}