{"cameraMode":{"drawMode":0,"name":"Shaded","section":"Shading Mode"},"sceneLighting":false,"audioPlay":false,"sceneViewState":{"showFog":true,"showMaterialUpdate":false,"showSkybox":false,"showFlares":true,"showImageEffects":true,"showParticleSystems":true},"in2DMode":false,"pivot":{"x":0.13552525639533997,"y":-0.08395062386989594,"z":0.29472190141677859},"rotation":{"x":-0.10570114105939865,"y":-0.568011999130249,"z":0.07386236637830734,"w":-0.8128679394721985},"size":0.6371849775314331,"orthographic":false}