{"cameraMode":{"drawMode":0,"name":"Shaded","section":"Shading Mode"},"sceneLighting":false,"audioPlay":false,"sceneViewState":{"showFog":true,"showMaterialUpdate":false,"showSkybox":false,"showFlares":true,"showImageEffects":true,"showParticleSystems":true},"in2DMode":false,"pivot":{"x":-451.70001220703127,"y":30.0069580078125,"z":813.383056640625},"rotation":{"x":-0.1551746129989624,"y":0.07903595268726349,"z":-0.012456515803933144,"w":-0.9846416115760803},"size":30.513463973999025,"orthographic":false}