{"cameraMode":{"drawMode":0,"name":"Shaded","section":"Shading Mode"},"sceneLighting":true,"audioPlay":false,"sceneViewState":{"showFog":true,"showMaterialUpdate":false,"showSkybox":true,"showFlares":true,"showImageEffects":true,"showParticleSystems":true},"in2DMode":false,"pivot":{"x":480.8709716796875,"y":135.962158203125,"z":983.1566162109375},"rotation":{"x":0.25860247015953066,"y":-0.09256438910961151,"z":0.024910002946853639,"w":0.9612342119216919},"size":809.3121948242188,"orthographic":false}